"Date","Label","Method","Path","Status","SqlCount","Cache","HttpMs","TraceId","Prix","Ids"
"2026-10-08T07:30:33.039Z","etat_redis","GET","/observations","200","0","","80.674","614cec2f-1632-42c9-9529-17909907a105","",""
"2026-10-08T07:30:33.321Z","prix_initial","GET","/produits/42","200","1","miss","123.649","66e088df-2c9f-4e88-be9f-b9011c5ade11","57.50",""
"2026-10-08T07:30:33.654Z","cache_miss","GET","/produits/42","200","1","miss","53.619","989627b7-921d-4144-9017-8bfc0f9493e1","57.50",""
"2026-10-08T07:30:33.754Z","cache_hit","GET","/produits/42","200","0","hit","50.394","775396e5-bda2-4050-a4d6-92abbee3f5dc","57.50",""
"2026-10-08T07:30:34.068Z","miss_1","GET","/produits/42","200","1","miss","60.639","0f314d09-eeef-4c18-811f-a18466b763ae","57.50",""
"2026-10-08T07:30:34.164Z","hit_1","GET","/produits/42","200","0","hit","50.315","211be1c1-b49f-430e-b4cb-7bdb963dac87","57.50",""
"2026-10-08T07:30:34.328Z","miss_2","GET","/produits/42","200","1","miss","46.431","412a3c39-a2fe-48f6-84f9-aeea457d7dde","57.50",""
"2026-10-08T07:30:34.417Z","hit_2","GET","/produits/42","200","0","hit","44.58","c9847039-ea9f-4b0c-adbf-39d38280857d","57.50",""
"2026-10-08T07:30:34.585Z","miss_3","GET","/produits/42","200","1","miss","42.695","88677c40-b7de-45ee-8c19-fc3e26f2612c","57.50",""
"2026-10-08T07:30:34.671Z","hit_3","GET","/produits/42","200","0","hit","41.971","be309dce-2fb2-484e-b184-c09fe05cfdee","57.50",""
"2026-10-08T07:30:34.843Z","miss_4","GET","/produits/42","200","1","miss","50.072","af62d32a-7db8-4803-9d76-06cce92cff77","57.50",""
"2026-10-08T07:30:34.943Z","hit_4","GET","/produits/42","200","0","hit","44.794","eae9fd75-64f9-41d4-b0ee-6aab947571d5","57.50",""
"2026-10-08T07:30:35.126Z","miss_5","GET","/produits/42","200","1","miss","47.768","459ab763-d48f-4473-8077-e7d3f2dc61ce","57.50",""
"2026-10-08T07:30:35.217Z","hit_5","GET","/produits/42","200","0","hit","42.51","ed1e8c67-56c5-4821-a3a9-5a4c87459263","57.50",""
"2026-10-08T07:30:35.384Z","sql_avant","GET","/produits/42","200","1","miss","42.153","8ed8b9fc-687a-4d42-99e6-782e4b9c3b0d","57.50",""
"2026-10-08T07:30:35.604Z","sql_cache_ancien","GET","/produits/42","200","0","hit","43.366","109f82c6-c421-47d1-8097-89560b6b2d96","57.50",""
"2026-10-08T07:30:35.786Z","sql_apres_del","GET","/produits/42","200","1","miss","43.392","873ddadb-6758-4bf1-9839-aee2fd657a98","19.90",""
"2026-10-08T07:30:35.994Z","patch_prix","PATCH","/produits/42","200","1","","55.705","dc23a08a-ab60-4703-b8a7-cc0460619e58","29.90",""
"2026-10-08T07:30:36.077Z","patch_miss","GET","/produits/42","200","1","miss","41.041","6341aee1-d6e7-41ea-95c9-693bc492a3ac","29.90",""
"2026-10-08T07:30:36.161Z","patch_hit","GET","/produits/42","200","0","hit","40.014","4a02cd0b-9177-4034-a183-096fe4dcc980","29.90",""
"2026-10-08T07:30:36.325Z","ttl_chargement","GET","/produits/42","200","1","miss","41.277","e9fae130-d076-47bf-a4a5-f0a16ac76a82","29.90",""
"2026-10-08T07:31:37.658Z","ttl_expire","GET","/produits/42","200","1","miss","53.015","d4c5b091-9007-4267-84af-debc05ed93ef","29.90",""
"2026-10-08T07:31:38.174Z","etat_redis","GET","/observations","200","0","","37.118","a2bf7211-76a3-4145-ad37-534ed8ac2ad8","",""
"2026-10-08T07:31:38.252Z","redis_indisponible","GET","/produits/42","200","1","indisponible","41.234","efb2db3e-1521-433f-85a4-e2ac2e69e8cb","29.90",""
"2026-10-08T07:31:38.344Z","chauffe_panne","GET","/produits/42","200","1","indisponible","51.73","44579842-8cbe-4b7b-acb3-e3b25963f55b","29.90",""
"2026-10-08T07:31:38.423Z","chauffe_panne","GET","/produits/42","200","1","indisponible","38.237","a0be752d-cbe4-4707-afff-45dd457aeef4","29.90",""
"2026-10-08T07:31:38.505Z","chauffe_panne","GET","/produits/42","200","1","indisponible","42.705","6203d6ce-a70f-4c2b-ade2-67d1f6d99345","29.90",""
"2026-10-08T07:31:38.597Z","chauffe_panne","GET","/produits/42","200","1","indisponible","40.659","3ba0d1eb-1812-4baf-8795-b07c9210c58d","29.90",""
"2026-10-08T07:31:38.676Z","chauffe_panne","GET","/produits/42","200","1","indisponible","37.03","55473673-eac4-4eeb-99f1-9921baf78dde","29.90",""
"2026-10-08T07:31:38.762Z","repli_0","GET","/produits/42","200","1","indisponible","45.56","fa72157b-50db-4b05-a98f-f43a2ba4dda2","29.90",""
"2026-10-08T07:31:38.846Z","repli_1","GET","/produits/42","200","1","indisponible","42.211","64feeb3d-6906-41e5-8391-2a299f6c2d01","29.90",""
"2026-10-08T07:31:38.931Z","repli_2","GET","/produits/42","200","1","indisponible","44.07","9441e86c-a1d1-4b40-b170-bfe35f314136","29.90",""
"2026-10-08T07:31:39.035Z","repli_3","GET","/produits/42","200","1","indisponible","58.714","5f51178b-b7c6-4b08-af99-8ffd4f1e8100","29.90",""
"2026-10-08T07:31:39.116Z","repli_4","GET","/produits/42","200","1","indisponible","42.251","e3061477-1cd2-4ce4-98d8-11c3bb0a7fd9","29.90",""
"2026-10-08T07:31:39.211Z","repli_5","GET","/produits/42","200","1","indisponible","46.325","b818f7fb-0dcf-4bb3-9b38-fa7a361fc9ca","29.90",""
"2026-10-08T07:31:39.304Z","repli_6","GET","/produits/42","200","1","indisponible","40.308","4bff0a59-53ef-45ab-9c16-9b08584f4234","29.90",""
"2026-10-08T07:31:39.388Z","repli_7","GET","/produits/42","200","1","indisponible","41.086","1305ce1b-5796-45c9-913a-a9ef01cc0303","29.90",""
"2026-10-08T07:31:39.475Z","repli_8","GET","/produits/42","200","1","indisponible","43.186","a78a9997-cb50-469c-bc69-d873d281a666","29.90",""
"2026-10-08T07:31:39.563Z","repli_9","GET","/produits/42","200","1","indisponible","46.081","0d26360e-26a1-447b-b885-158d6fa599a7","29.90",""
"2026-10-08T07:31:39.650Z","repli_10","GET","/produits/42","200","1","indisponible","42.911","cc6f7d24-114f-4543-9e33-3aabef86fbe4","29.90",""
"2026-10-08T07:31:39.732Z","repli_11","GET","/produits/42","200","1","indisponible","41.904","fe6c1f34-3b68-46fa-8db8-56249a3f89ef","29.90",""
"2026-10-08T07:31:39.823Z","repli_12","GET","/produits/42","200","1","indisponible","49.369","31ff029b-2815-4239-b791-89819fec80d1","29.90",""
"2026-10-08T07:31:39.911Z","repli_13","GET","/produits/42","200","1","indisponible","43.354","2d3a4707-9192-4c69-9374-fe99ad3b34d2","29.90",""
"2026-10-08T07:31:40.005Z","repli_14","GET","/produits/42","200","1","indisponible","43.263","4358df47-171c-478e-8c1c-e540baed99ab","29.90",""
"2026-10-08T07:31:40.089Z","repli_15","GET","/produits/42","200","1","indisponible","41.94","214f2964-3a8c-43d4-975d-98d7da2e92e5","29.90",""
"2026-10-08T07:31:40.174Z","repli_16","GET","/produits/42","200","1","indisponible","42.251","3268b707-b22f-4d03-a334-d306d05351cc","29.90",""
"2026-10-08T07:31:40.258Z","repli_17","GET","/produits/42","200","1","indisponible","41.154","e9937223-66e3-4892-bddf-5e48ed164713","29.90",""
"2026-10-08T07:31:40.338Z","repli_18","GET","/produits/42","200","1","indisponible","38.423","ec44de9f-6912-4122-98c2-f987fb99cc82","29.90",""
"2026-10-08T07:31:40.416Z","repli_19","GET","/produits/42","200","1","indisponible","38.237","bd926dac-3d35-44bf-a604-5eaf3170c45e","29.90",""
"2026-10-08T07:31:40.498Z","repli_20","GET","/produits/42","200","1","indisponible","39.229","d2e249b0-9e07-4d06-8ac8-59cf1e0ef930","29.90",""
"2026-10-08T07:31:40.580Z","repli_21","GET","/produits/42","200","1","indisponible","40.896","c34fb058-e874-4f9a-9db9-7af2fb81d486","29.90",""
"2026-10-08T07:31:40.663Z","repli_22","GET","/produits/42","200","1","indisponible","42.053","8986c2ce-4e5f-4da0-aa1b-0d6c0fcf0d1a","29.90",""
"2026-10-08T07:31:40.742Z","repli_23","GET","/produits/42","200","1","indisponible","40.392","4b57a1d2-b1e1-426e-a339-d3365ecd8e10","29.90",""
"2026-10-08T07:31:40.833Z","repli_24","GET","/produits/42","200","1","indisponible","45.312","18f95cdb-7648-43e1-993c-81a09e076ffa","29.90",""
"2026-10-08T07:31:40.917Z","repli_25","GET","/produits/42","200","1","indisponible","42.643","ab8fd275-f4cf-41d8-b77e-71691ed6bce0","29.90",""
"2026-10-08T07:31:41.002Z","repli_26","GET","/produits/42","200","1","indisponible","41.922","c516d71c-861c-4201-8e9a-657bdac9b4ca","29.90",""
"2026-10-08T07:31:41.104Z","repli_27","GET","/produits/42","200","1","indisponible","42.84","49b8a239-56d7-4cbd-a034-b53e40f4f7a3","29.90",""
"2026-10-08T07:31:41.188Z","repli_28","GET","/produits/42","200","1","indisponible","41.522","c18ea203-92ce-4042-9e53-a0735be2cc82","29.90",""
"2026-10-08T07:31:41.270Z","repli_29","GET","/produits/42","200","1","indisponible","40.348","22e28f22-a6dd-4cc4-aea0-422b3cd56022","29.90",""
"2026-10-08T07:31:41.608Z","etat_redis","GET","/observations","200","0","","40.594","9ea2cb13-2835-42b8-a745-2fe98e437446","",""
"2026-10-08T07:31:42.122Z","etat_redis","GET","/observations","200","0","","13.008","4b6b4006-42ae-4eb4-8cb1-56b96327da64","",""
"2026-10-08T07:31:42.628Z","etat_redis","GET","/observations","200","0","","3.105","33de41e6-e2aa-4eb8-969c-2f54987c7113","",""
"2026-10-08T07:31:42.836Z","copie_avant_panne","GET","/produits/42","200","1","miss","43.213","a2a6a9f6-cc5b-44a4-87b8-ce8e83daa242","29.90",""
"2026-10-08T07:31:43.283Z","etat_redis","GET","/observations","200","0","","48.942","022d58ae-f378-4f44-99e4-3a332270a7c5","",""
"2026-10-08T07:31:43.375Z","patch_redis_arrete","PATCH","/produits/42","200","1","","48.45","db9e1c20-a566-472f-8ae6-b4e6bb64d6e3","34.90",""
"2026-10-08T07:31:43.786Z","etat_redis","GET","/observations","200","0","","51.656","1f1d1f67-d234-4617-8757-81d4570f90e4","",""
"2026-10-08T07:31:44.290Z","etat_redis","GET","/observations","200","0","","2.145","662bb89f-cbc1-41c8-ae12-986c44750e7c","",""
"2026-10-08T07:31:44.635Z","relecture_apres_retour","GET","/produits/42","200","0","hit","40.233","18cd840c-d72b-4401-a1d7-b87d775c4835","29.90",""
"2026-10-08T07:31:45.413Z","course_apres_t4","GET","/produits/42","200","0","hit","42.756","ca7af0c7-2fae-44b0-afd7-9e9143211e21","34.90",""
"2026-10-08T07:31:46.261Z","chauffe_m","GET","/produits/42","200","1","miss","43.965","a05e4974-76b1-4b0e-b132-1941e4f7a630","39.90",""
"2026-10-08T07:31:46.370Z","chauffe_h","GET","/produits/42","200","0","hit","55.439","d7214e20-5fbd-423a-9256-b2e6b841e004","39.90",""
"2026-10-08T07:31:46.543Z","chauffe_m","GET","/produits/42","200","1","miss","40.019","12bdd1d9-8d06-4009-934a-eb7881f0dc03","39.90",""
"2026-10-08T07:31:46.625Z","chauffe_h","GET","/produits/42","200","0","hit","41.555","5b21a6dd-512e-44b4-9715-6917b7d3683a","39.90",""
"2026-10-08T07:31:46.802Z","chauffe_m","GET","/produits/42","200","1","miss","44.548","970c68e2-17ac-401d-b7f6-efad140d2376","39.90",""
"2026-10-08T07:31:46.890Z","chauffe_h","GET","/produits/42","200","0","hit","43.846","814c3820-080c-418d-b1f6-dd51917a1fa5","39.90",""
"2026-10-08T07:31:47.054Z","chauffe_m","GET","/produits/42","200","1","miss","42.701","992f88e8-1969-46c0-9c99-de3d7b3ff360","39.90",""
"2026-10-08T07:31:47.139Z","chauffe_h","GET","/produits/42","200","0","hit","41.795","9db2b4f9-40ae-4abc-8ec6-9b24f10207dc","39.90",""
"2026-10-08T07:31:47.300Z","chauffe_m","GET","/produits/42","200","1","miss","39.878","4be2a2c9-d11f-4332-b37c-992be215bffe","39.90",""
"2026-10-08T07:31:47.381Z","chauffe_h","GET","/produits/42","200","0","hit","39.988","a56fb12b-36a7-44bc-8925-4cbe221f26a1","39.90",""
"2026-10-08T07:31:47.558Z","mesure_miss_0","GET","/produits/42","200","1","miss","44.2","a7a3f330-87a5-426b-b409-054d83759f9b","39.90",""
"2026-10-08T07:31:47.642Z","mesure_hit_0","GET","/produits/42","200","0","hit","40.63","a5cd9317-c341-4008-89fb-fe74a078cdb6","39.90",""
"2026-10-08T07:31:47.827Z","mesure_miss_1","GET","/produits/42","200","1","miss","55.489","5afa11b1-04ec-4ef5-8c0c-6e28ded51be2","39.90",""
"2026-10-08T07:31:47.916Z","mesure_hit_1","GET","/produits/42","200","0","hit","45.471","2ef156be-2388-4420-9c7a-ea6fda721056","39.90",""
"2026-10-08T07:31:48.080Z","mesure_miss_2","GET","/produits/42","200","1","miss","44.056","03ba6975-a17d-4b89-b1da-bffd2f3fea42","39.90",""
"2026-10-08T07:31:48.167Z","mesure_hit_2","GET","/produits/42","200","0","hit","43.099","f578a97d-dbec-4e27-b6bb-9231b2eea713","39.90",""
"2026-10-08T07:31:48.340Z","mesure_miss_3","GET","/produits/42","200","1","miss","43.412","60647702-34a6-44dc-8f1a-e6f549db0baf","39.90",""
"2026-10-08T07:31:48.426Z","mesure_hit_3","GET","/produits/42","200","0","hit","43.861","574f3780-3698-4a9b-9cbb-350c5e830bcc","39.90",""
"2026-10-08T07:31:48.590Z","mesure_miss_4","GET","/produits/42","200","1","miss","43.213","c7f37e61-a6f9-451a-9e6e-949b2e79a75b","39.90",""
"2026-10-08T07:31:48.671Z","mesure_hit_4","GET","/produits/42","200","0","hit","39.886","93242670-698f-4e9d-a6dc-8a16da9205e4","39.90",""
"2026-10-08T07:31:48.844Z","mesure_miss_5","GET","/produits/42","200","1","miss","46.997","66a3ed61-3880-41ca-a989-8461a784cabb","39.90",""
"2026-10-08T07:31:48.926Z","mesure_hit_5","GET","/produits/42","200","0","hit","40.389","b3016f4e-224e-4aff-9655-cae14761fe3a","39.90",""
"2026-10-08T07:31:49.112Z","mesure_miss_6","GET","/produits/42","200","1","miss","41.7","c831621c-aad7-410e-9034-8ff7741a816f","39.90",""
"2026-10-08T07:31:49.196Z","mesure_hit_6","GET","/produits/42","200","0","hit","40.831","99f33ebf-70f3-4f45-9b92-855b69225614","39.90",""
"2026-10-08T07:31:49.357Z","mesure_miss_7","GET","/produits/42","200","1","miss","43.502","6a4d9f31-e73f-4355-a6e4-1ef546e32488","39.90",""
"2026-10-08T07:31:49.443Z","mesure_hit_7","GET","/produits/42","200","0","hit","42.938","420b4e02-204e-4f6f-a9ed-a44a9ecd80ab","39.90",""
"2026-10-08T07:31:49.619Z","mesure_miss_8","GET","/produits/42","200","1","miss","43.238","599769bd-b624-4158-bfe1-67d0c2ec1b03","39.90",""
"2026-10-08T07:31:49.702Z","mesure_hit_8","GET","/produits/42","200","0","hit","40.342","e84f2518-0228-4eb1-ac85-b6e6414453e0","39.90",""
"2026-10-08T07:31:49.882Z","mesure_miss_9","GET","/produits/42","200","1","miss","42.902","a6477e79-ef4b-4ccc-87fe-f46d4c9d8904","39.90",""
"2026-10-08T07:31:49.970Z","mesure_hit_9","GET","/produits/42","200","0","hit","45.82","b866ee2c-3f9f-4fc2-a467-a5d6e1c0bc50","39.90",""
"2026-10-08T07:31:50.158Z","mesure_miss_10","GET","/produits/42","200","1","miss","45.602","613a5976-2cb5-48cf-a01b-e82e77341903","39.90",""
"2026-10-08T07:31:50.241Z","mesure_hit_10","GET","/produits/42","200","0","hit","42.418","cb6c6b20-47d9-4a67-9d44-b846a674ae17","39.90",""
"2026-10-08T07:31:50.415Z","mesure_miss_11","GET","/produits/42","200","1","miss","41.616","30adc6b4-e6e8-4644-82cc-bcfa38765227","39.90",""
"2026-10-08T07:31:50.501Z","mesure_hit_11","GET","/produits/42","200","0","hit","42.103","7fd8b9e4-426f-44ae-b49b-88854104b2d3","39.90",""
"2026-10-08T07:31:50.670Z","mesure_miss_12","GET","/produits/42","200","1","miss","42.449","5790b5ac-43eb-4f00-a651-56bbae720dcd","39.90",""
"2026-10-08T07:31:50.753Z","mesure_hit_12","GET","/produits/42","200","0","hit","41.479","ab2d7f97-4a1b-4193-9ea1-798cb28a9fda","39.90",""
"2026-10-08T07:31:50.919Z","mesure_miss_13","GET","/produits/42","200","1","miss","43.031","d87eedc5-1a2b-4819-869e-ee91f3d3767f","39.90",""
"2026-10-08T07:31:51.013Z","mesure_hit_13","GET","/produits/42","200","0","hit","46.909","f385df00-d082-4b7d-805d-18ac5a104790","39.90",""
"2026-10-08T07:31:51.196Z","mesure_miss_14","GET","/produits/42","200","1","miss","49.495","c10e2ff6-8c9b-49d3-bfec-3d3f6ec278a2","39.90",""
"2026-10-08T07:31:51.278Z","mesure_hit_14","GET","/produits/42","200","0","hit","41.228","988ac911-42d7-4f54-bb8d-e9b182ecd71b","39.90",""
"2026-10-08T07:31:51.444Z","mesure_miss_15","GET","/produits/42","200","1","miss","48.295","4716a07b-2748-4575-9745-6d110290864b","39.90",""
"2026-10-08T07:31:51.535Z","mesure_hit_15","GET","/produits/42","200","0","hit","40.951","b3dd1c3c-e917-47bb-a5e0-3b175659ba92","39.90",""
"2026-10-08T07:31:51.703Z","mesure_miss_16","GET","/produits/42","200","1","miss","42.76","4ae39d59-b775-4c9a-a56a-9e0df24c0942","39.90",""
"2026-10-08T07:31:51.787Z","mesure_hit_16","GET","/produits/42","200","0","hit","41.812","aa24a995-a48c-495f-89f4-53b54bd4502e","39.90",""
"2026-10-08T07:31:51.947Z","mesure_miss_17","GET","/produits/42","200","1","miss","40.698","055b8efa-faee-4c21-9df4-adccf396b95d","39.90",""
"2026-10-08T07:31:52.039Z","mesure_hit_17","GET","/produits/42","200","0","hit","50.337","dd7766e0-2c5c-449b-b5f8-f1db4b0acf81","39.90",""
"2026-10-08T07:31:52.201Z","mesure_miss_18","GET","/produits/42","200","1","miss","42.561","b0f396a3-e7ac-4b88-8dbb-dc7a4ce5081e","39.90",""
"2026-10-08T07:31:52.283Z","mesure_hit_18","GET","/produits/42","200","0","hit","40.386","625ba6c7-8be3-4987-995a-aee6c659a60b","39.90",""
"2026-10-08T07:31:52.451Z","mesure_miss_19","GET","/produits/42","200","1","miss","43.386","43b91c89-1514-46cd-8431-0db88a2b227e","39.90",""
"2026-10-08T07:31:52.537Z","mesure_hit_19","GET","/produits/42","200","0","hit","42.561","238e84c0-1ac1-4895-8002-9825a4c29284","39.90",""
"2026-10-08T07:31:52.716Z","mesure_miss_20","GET","/produits/42","200","1","miss","42.724","6caba6b9-2161-4024-9a1c-3414a64760bd","39.90",""
"2026-10-08T07:31:52.803Z","mesure_hit_20","GET","/produits/42","200","0","hit","39.885","fd46fe80-e675-4717-99e7-d7d84da028e9","39.90",""
"2026-10-08T07:31:52.975Z","mesure_miss_21","GET","/produits/42","200","1","miss","42.527","077c2888-84ce-46bd-bda7-c1432d36253d","39.90",""
"2026-10-08T07:31:53.059Z","mesure_hit_21","GET","/produits/42","200","0","hit","39.716","2f98f429-824f-4c0f-8b48-054e8344c141","39.90",""
"2026-10-08T07:31:53.228Z","mesure_miss_22","GET","/produits/42","200","1","miss","41.84","1918f229-3c48-4c20-a01d-a98317c65772","39.90",""
"2026-10-08T07:31:53.311Z","mesure_hit_22","GET","/produits/42","200","0","hit","40.559","d8cd80a7-6ed2-4598-b81f-0832f9d943b0","39.90",""
"2026-10-08T07:31:53.478Z","mesure_miss_23","GET","/produits/42","200","1","miss","40.105","bbfb9e9d-43aa-42e6-9954-fb89053d7cef","39.90",""
"2026-10-08T07:31:53.561Z","mesure_hit_23","GET","/produits/42","200","0","hit","40.934","6f0fe106-3b1c-4067-a160-b266a1b1a34e","39.90",""
"2026-10-08T07:31:53.740Z","mesure_miss_24","GET","/produits/42","200","1","miss","42.07","9b5ba5dd-3b80-4ef3-b5f1-947fe7f55985","39.90",""
"2026-10-08T07:31:53.826Z","mesure_hit_24","GET","/produits/42","200","0","hit","44.637","4580c94b-16c6-4a41-8dab-e523ecb70ff2","39.90",""
"2026-10-08T07:31:53.999Z","mesure_miss_25","GET","/produits/42","200","1","miss","43.444","b958371e-2879-44e3-99f2-cedc52865405","39.90",""
"2026-10-08T07:31:54.088Z","mesure_hit_25","GET","/produits/42","200","0","hit","46.119","10b33e56-4f15-4129-ab95-f198c57ad2c5","39.90",""
"2026-10-08T07:31:54.251Z","mesure_miss_26","GET","/produits/42","200","1","miss","40.973","6a1b4bc9-a30f-4c9c-a15a-15b5bce58b23","39.90",""
"2026-10-08T07:31:54.333Z","mesure_hit_26","GET","/produits/42","200","0","hit","40.467","8b19037f-0eae-4524-aeb6-52b2db5cdc08","39.90",""
"2026-10-08T07:31:54.517Z","mesure_miss_27","GET","/produits/42","200","1","miss","48.18","ae7b2e8f-8b4d-4b36-bd3e-957ba989dc17","39.90",""
"2026-10-08T07:31:54.610Z","mesure_hit_27","GET","/produits/42","200","0","hit","45.723","2b56ee12-911a-4ee2-ad2a-fc95df969581","39.90",""
"2026-10-08T07:31:54.775Z","mesure_miss_28","GET","/produits/42","200","1","miss","42.999","67008fd2-114e-4ba8-a6f0-83f163c338eb","39.90",""
"2026-10-08T07:31:54.859Z","mesure_hit_28","GET","/produits/42","200","0","hit","42.291","d2f07d69-7fde-424a-b44d-c51b5b6f0be3","39.90",""
"2026-10-08T07:31:55.039Z","mesure_miss_29","GET","/produits/42","200","1","miss","42.187","f90b2747-1609-4e1b-9d06-af83a21b1a5c","39.90",""
"2026-10-08T07:31:55.138Z","mesure_hit_29","GET","/produits/42","200","0","hit","52.427","55e5bbf8-1080-40b7-8804-f66f3de0249e","39.90",""
"2026-10-08T07:31:55.249Z","etat_redis","GET","/observations","200","0","","42.637","3ad567ff-2ae8-47c4-82b8-a79711751a07","",""
"2026-10-08T07:31:55.336Z","restauration_prix","PATCH","/produits/42","200","1","","44.585","b2f25256-e90c-4f72-bc81-4e434c20f81d","57.50",""
"2026-10-08T07:31:55.420Z","prix_restaure","GET","/produits/42","200","1","miss","41.962","fd34d0c8-ed55-4e37-9a2a-46911b3253b0","57.50",""
