jour,nb_commandes,montant
2026-01-02,334,79325.00
2026-01-03,333,142320.00
2026-01-04,333,63648.75
2026-01-05,333,76615.00
2026-01-06,334,113977.50
2026-01-07,333,70750.00
2026-01-09,333,84952.50
2026-01-10,334,61372.50
2026-01-12,333,131006.25
2026-01-13,333,43327.50
2026-01-14,334,102705.00
2026-01-15,333,202410.00
2026-01-16,333,42028.75
2026-01-17,333,66675.00
2026-01-19,333,57480.00
2026-01-20,333,64077.50
2026-01-22,334,64712.50
2026-01-23,333,94980.00
2026-01-24,333,91196.25
2026-01-25,333,54957.50
2026-01-26,334,109385.00
2026-01-27,334,137775.00
2026-01-29,333,123335.00
2026-01-30,334,184117.50
2026-02-01,333,70737.50
2026-02-02,333,204832.50
2026-02-03,334,51352.50
2026-02-04,334,68470.00
2026-02-05,333,176036.25
2026-02-06,333,58287.50
2026-02-08,334,122745.00
2026-02-09,333,48688.75
2026-02-11,333,118668.75
2026-02-12,334,30895.00
2026-02-13,333,143997.50
2026-02-14,333,164722.50
2026-02-15,333,29566.25
2026-02-16,334,125250.00
2026-02-18,333,44917.50
2026-02-19,333,89152.50
2026-02-21,333,68718.75
2026-02-22,333,86555.00
2026-02-23,333,103758.75
2026-02-24,334,59285.00
2026-02-25,333,117457.50
2026-02-26,333,99862.50
2026-02-28,334,131930.00
2026-03-01,333,146216.25
2026-03-03,333,112412.50
2026-03-04,334,167835.00
2026-03-05,334,47177.50
2026-03-06,333,76515.00
2026-03-07,333,138648.75
2026-03-08,334,62625.00
2026-03-10,333,109852.50
2026-03-11,333,69526.25
2026-03-13,334,81412.50
2026-03-14,333,59927.50
2026-03-15,333,119072.50
2026-03-16,334,127755.00
2026-03-17,334,42167.50
2026-03-18,333,99875.00
2026-03-20,333,40805.00
2026-03-21,334,64295.00
2026-03-23,333,56156.25
2026-03-24,333,61630.00
2026-03-25,334,141532.50
2026-03-26,333,63257.50
2026-03-27,333,92332.50
2026-03-28,333,137475.00
2026-03-30,333,139935.00
2026-03-31,333,133578.75
2026-04-02,334,121075.00
2026-04-03,333,179932.50
2026-04-04,333,34536.25
2026-04-05,333,68290.00
2026-04-06,334,201652.50
2026-04-07,333,49987.50
2026-04-09,333,172365.00
2026-04-10,334,57197.50
2026-04-12,333,118518.75
2026-04-13,333,47465.00
2026-04-14,334,127755.00
2026-04-15,334,115230.00
2026-04-16,333,37866.25
2026-04-17,333,141550.00
2026-04-19,334,28390.00
2026-04-20,333,122352.50
2026-04-22,334,43837.50
2026-04-23,334,86840.00
2026-04-24,333,153558.75
2026-04-25,333,67395.00
2026-04-26,333,84107.50
2026-04-27,334,100200.00
2026-04-29,333,114810.00
2026-04-30,333,96191.25
2026-05-02,333,129012.50
2026-05-03,333,142245.00
2026-05-04,333,30373.75
2026-05-05,334,110220.00
2026-05-06,333,163548.75
2026-05-07,333,45775.00
2026-05-09,334,185370.00
2026-05-10,333,61226.25
2026-05-12,333,106181.25
2026-05-13,334,68470.00
2026-05-14,333,102472.50
2026-05-15,333,102435.00
2026-05-16,333,58703.75
2026-05-17,334,116900.00
2026-05-19,333,40755.00
2026-05-20,333,97427.50
2026-05-22,334,39662.50
2026-05-23,333,61530.00
2026-05-24,333,216071.25
2026-05-25,334,55110.00
2026-05-26,334,59285.00
2026-05-27,333,187275.00
2026-05-29,334,90180.00
2026-05-30,334,134017.50
2026-06-01,333,137287.50
2026-06-02,333,129907.50
2026-06-03,334,34652.50
2026-06-04,333,118090.00
2026-06-05,333,175961.25
2026-06-06,333,33312.50
2026-06-08,333,197265.00
2026-06-09,333,48663.75
2026-06-11,334,169087.50
2026-06-12,333,55765.00
2026-06-13,333,94047.50
2026-06-14,333,114997.50
2026-06-15,334,46342.50
2026-06-16,333,124950.00
2026-06-18,333,36642.50
2026-06-19,334,139445.00
2026-06-21,333,27043.75
2026-06-22,333,119905.00
2026-06-23,334,179107.50
2026-06-24,333,42495.00
2026-06-25,333,84007.50
2026-06-26,333,149887.50
2026-06-28,334,81830.00
2026-06-29,333,96041.25
2026-07-01,334,112725.00
2026-07-02,334,92685.00
2026-07-03,333,46973.75
2026-07-04,333,126565.00
2026-07-05,334,139027.50
2026-07-06,334,45925.00
2026-07-08,333,209677.50
2026-07-09,333,44551.25
2026-07-11,333,180881.25
2026-07-12,333,59902.50
2026-07-13,333,69122.50
2026-07-14,334,102705.00
2026-07-15,333,67003.75
2026-07-16,333,99825.00
2026-07-18,334,57615.00
2026-07-19,333,114027.50
2026-07-21,333,39581.25
2026-07-22,334,95190.00
2026-07-23,333,191171.25
2026-07-24,333,38282.50
2026-07-25,333,75782.50
2026-07-26,334,212925.00
2026-07-28,333,56585.00
2026-07-29,333,183603.75
2026-07-31,333,87487.50
2026-08-01,333,129757.50
2026-08-02,333,51211.25
2026-08-03,334,135270.00
2026-08-04,334,126502.50
2026-08-05,333,33262.50
2026-08-07,334,172845.00
2026-08-08,334,32147.50
2026-08-10,333,193593.75
2026-08-11,334,47595.00
2026-08-12,334,60955.00
2026-08-13,333,164797.50
2026-08-14,333,54541.25
2026-08-15,333,91600.00
2026-08-17,333,61542.50
2026-08-18,333,122302.50
2026-08-20,334,35487.50
2026-08-21,333,136505.00
2026-08-22,333,153483.75
2026-08-23,333,34120.00
2026-08-24,334,117735.00
2026-08-25,333,174787.50
2026-08-27,333,81660.00
2026-08-28,334,146542.50
2026-08-30,333,79062.50
2026-08-31,333,92520.00
2026-09-01,334,72227.50
2026-09-02,333,109965.00
2026-09-03,333,88623.75
2026-09-04,333,62450.00
2026-09-06,333,134977.50
2026-09-07,333,44501.25
2026-09-09,334,206662.50
2026-09-10,334,43420.00
2026-09-11,333,69022.50
2026-09-12,333,177510.00
2026-09-13,334,58867.50
2026-09-14,334,66800.00
2026-09-16,333,65780.00
2026-09-17,334,97695.00
2026-09-19,333,56181.25
2026-09-20,333,111580.00
2026-09-21,333,141146.25
2026-09-22,334,38410.00
2026-09-23,333,92382.50
2026-09-24,333,187200.00
2026-09-26,334,73480.00
2026-09-27,333,208503.75
2026-09-29,333,54137.50
2026-09-30,334,180360.00
2026-10-01,333,59511.25
2026-10-02,333,84840.00
2026-10-03,333,126236.25
2026-10-04,334,50100.00
2026-10-06,333,122340.00
2026-10-07,333,32088.75
2026-10-09,333,168693.75
2026-10-10,333,30790.00
2026-10-11,333,94197.50
2026-10-12,334,190380.00
2026-10-13,333,46241.25
2026-10-14,333,91500.00
2026-10-16,334,70140.00
2026-10-17,334,89345.00
2026-10-19,333,60418.75
2026-10-20,334,120240.00
2026-10-21,334,103957.50
2026-10-22,333,34120.00
2026-10-23,333,134057.50
2026-10-24,334,150300.00
2026-10-26,333,114860.00
2026-10-27,333,171116.25
